<?xml version="1.0" encoding="UTF-8"?>
<!DOCTYPE beans PUBLIC "-//SPRING//DTD BEAN//EN" "http://www.springframework.org/dtd/spring-beans.dtd">
<beans>

	<bean id="cabio43ServiceInfo" class="java.util.HashMap">
		<constructor-arg>
			<map>
				<entry key="APPLICATION_SERVICE_BEAN" value-ref="cabio43ApplicationService"/>
				<entry key="AUTHENTICATION_SERVICE_BEAN" value-ref="cabio43AuthenticationManager"/>
				<entry key="APPLICATION_SERVICE_CONFIG"  value-ref="cabio43ApplicationServiceConfig"/>
			</map>
		</constructor-arg>
	</bean>

	<bean id="cabio43Interceptor" class="gov.nih.nci.system.client.proxy.ApplicationServiceProxy" singleton="true">
		<property name="proxyFactory">
			<bean class="gov.nih.nci.system.client.proxy.ProxyHelperImpl"/>
		</property>
	</bean>
	
	<bean id="cabio43ApplicationService" class="org.springframework.aop.framework.ProxyFactoryBean">
		<property name="target">
			<bean class="org.springframework.remoting.httpinvoker.HttpInvokerProxyFactoryBean">
				<property name="serviceUrl" value="http://localhost:8080/cabio43/http/applicationService"/>
				<property name="serviceInterface" value="gov.nih.nci.system.applicationservice.CaBioApplicationService"/>
				<property name="httpInvokerRequestExecutor">
				<bean class="gov.nih.nci.system.springframework.remoting.httpinvoker.GSIHttpInvokerRequestExecutor"/>
				</property>
			</bean>
		</property>
		<property name="interceptorNames" value="cabio43Interceptor"/>
		<property name="interfaces" value="gov.nih.nci.system.applicationservice.CaBioApplicationService"/>
	</bean>	
	
	<bean id="cabio43AuthenticationManager" class="org.acegisecurity.providers.ProviderManager">
		<property name="providers">
			<list>
				<bean class="org.acegisecurity.providers.rcp.RemoteAuthenticationProvider">
					<property name="remoteAuthenticationManager">
						<bean class="org.springframework.remoting.httpinvoker.HttpInvokerProxyFactoryBean">
						    <property name="serviceUrl" value="http://localhost:8080/cabio43/http/remoteAuthenticationManager"/>
						    <property name="serviceInterface" value="org.acegisecurity.providers.rcp.RemoteAuthenticationManager"/>
						</bean>
					</property>
				</bean>
				<bean class="gov.nih.nci.system.security.acegi.authentication.NullGroupNameAuthenticationProvider"/>
				<bean class="gov.nih.nci.system.security.acegi.authentication.NullX509AuthenticationProvider"/>
			</list>
		</property>
	</bean>
	
	
	<!-- Dont touch this unless you know what you are doing -->
	<bean id="cabio43ApplicationServiceConfig" class="java.lang.String">
		<constructor-arg>
			<value>
				&lt;bean id=&quot;cabio43ServiceInfo&quot; class=&quot;java.util.HashMap&quot;&gt;
					&lt;constructor-arg&gt;
						&lt;map&gt;
							&lt;entry key=&quot;APPLICATION_SERVICE_BEAN&quot; value-ref=&quot;cabio43ApplicationService&quot;/&gt;
							&lt;entry key=&quot;AUTHENTICATION_SERVICE_BEAN&quot; value-ref=&quot;cabio43AuthenticationManager&quot;/&gt;
						&lt;/map&gt;
					&lt;/constructor-arg&gt;
				&lt;/bean&gt;
			
				&lt;bean id=&quot;cabio43Interceptor&quot; class=&quot;gov.nih.nci.system.client.proxy.ApplicationServiceProxy&quot; singleton=&quot;true&quot;&gt;
					&lt;property name=&quot;proxyFactory&quot;&gt;
						&lt;bean class=&quot;gov.nih.nci.system.client.proxy.ProxyHelperImpl&quot;/&gt;
					&lt;/property&gt;
				&lt;/bean&gt;
				
				&lt;bean id=&quot;cabio43ApplicationService&quot; class=&quot;org.springframework.aop.framework.ProxyFactoryBean&quot;&gt;
					&lt;property name=&quot;target&quot;&gt;
						&lt;bean class=&quot;org.springframework.remoting.httpinvoker.HttpInvokerProxyFactoryBean&quot;&gt;
							&lt;property name=&quot;serviceUrl&quot; value=&quot;URL_KEY/http/applicationService&quot;/&gt;
							&lt;property name=&quot;serviceInterface&quot; value=&quot;gov.nih.nci.system.applicationservice.CaBioApplicationService&quot;/&gt;
							&lt;property name=&quot;httpInvokerRequestExecutor&quot;&gt;
							&lt;bean class=&quot;gov.nih.nci.system.springframework.remoting.httpinvoker.GSIHttpInvokerRequestExecutor&quot;/&gt;
							&lt;/property&gt;
						&lt;/bean&gt;
					&lt;/property&gt;
					&lt;property name=&quot;interceptorNames&quot; value=&quot;cabio43Interceptor&quot;/&gt;
					&lt;property name=&quot;interfaces&quot; value=&quot;gov.nih.nci.system.applicationservice.CaBioApplicationService&quot;/&gt;
				&lt;/bean&gt;	
				
				&lt;bean id=&quot;cabio43AuthenticationManager&quot; class=&quot;org.acegisecurity.providers.ProviderManager&quot;&gt;
					&lt;property name=&quot;providers&quot;&gt;
						&lt;list&gt;
							&lt;bean class=&quot;org.acegisecurity.providers.rcp.RemoteAuthenticationProvider&quot;&gt;
								&lt;property name=&quot;remoteAuthenticationManager&quot;&gt;
									&lt;bean class=&quot;org.springframework.remoting.httpinvoker.HttpInvokerProxyFactoryBean&quot;&gt;
									    &lt;property name=&quot;serviceUrl&quot; value=&quot;URL_KEY/http/remoteAuthenticationManager&quot;/&gt;
									    &lt;property name=&quot;serviceInterface&quot; value=&quot;org.acegisecurity.providers.rcp.RemoteAuthenticationManager&quot;/&gt;
									&lt;/bean&gt;
								&lt;/property&gt;
							&lt;/bean&gt;
							&lt;bean class=&quot;gov.nih.nci.system.security.acegi.authentication.NullGroupNameAuthenticationProvider&quot;/&gt;
							&lt;bean class=&quot;gov.nih.nci.system.security.acegi.authentication.NullX509AuthenticationProvider&quot;/&gt;
						&lt;/list&gt;
					&lt;/property&gt;
				&lt;/bean&gt;
				
				&lt;alias alias="ServiceInfo" name="cabio43ServiceInfo"/&gt;
			</value>
		</constructor-arg>
	</bean>

</beans>